{
    "rmse": 0.7643606491218464,
    "mae": 0.6342111931542022,
    "r2": 0.13051174011817168
}