{
    "rmse": 0.7265410567796441,
    "mae": 0.5733929425930692,
    "r2": 0.2591411828961656
}